iso_a3,country,Inequality index,GDP,male,female,wage_gap
AFG,Afghanistan,0.661,415.70742,,,
AGO,Angola,0.515,2308.15977,,,
ALB,Albania,0.107,8575.17113,,,
ARE,United Arab Emirates,0.04,49040.69475,,,
ARG,Argentina,0.264,14187.48273,1049.141,804.57,244.571
ARM,Armenia,0.18,8053.01066,,,
ATG,Antigua and Barbuda,0.24,21787.10173,,,
AUS,Australia,0.056,64820.91179,,,
AUT,Austria,0.033,56033.57379,,,
AZE,Azerbaijan,0.315,7125.90858,,,
BDI,Burundi,0.501,193.00715,,,
BEL,Belgium,0.031,54700.90932,,,
BEN,Benin,0.573,1394.3733,,,
BFA,Burkina Faso,0.555,882.68981,344.074,212.912,131.162
BGD,Bangladesh,0.487,2551.01773,231.386,225.519,5.867
BGR,Bulgaria,0.208,15885.53913,,,
BHR,Bahrain,0.165,29218.86056,,,
BHS,Bahamas,0.325,35896.50511,,,
BIH,Bosnia and Herzegovina,0.157,8638.6662,1013.95,992.621,21.329
BLR,Belarus,0.08,7829.05314,,,
BLZ,Belize,0.428,7459.99815,,,
BOL,Bolivia (Plurinational State of),0.419,3686.27996,669,590.375,78.625
BRA,Brazil,0.39,10294.86668,1116.733,801.209,315.524
BRB,Barbados,0.297,23804.02499,,,
BRN,Brunei Darussalam,0.257,32962.90651,,,
BWA,Botswana,0.49,7820.2324,1437.177,1140.775,296.402
CAN,Canada,0.052,53431.18571,,,
CHE,Switzerland,0.01,99564.71003,9195.019,6122.147,3072.872
CHL,Chile,0.102,17067.81362,,,
CHN,China,0.132,12614.06174,,,
CIV,C?te d'Ivoire,0.589,2530.84659,,,
CMR,Cameroon,0.558,1736.86091,,,
COD,Congo (Democratic Republic of the),0.604,627.50218,,,
COG,Congo,0.565,2477.97846,,,
COL,Colombia,0.393,6947.35929,707.581,659.39,48.191
COM,Comoros,0.501,1590.31238,,,
CPV,Cabo Verde,0.298,4850.98416,,,
CRI,Costa Rica,0.217,16942.02681,2009.436,1876.502,132.934
CYP,Cyprus,0.252,36551.41797,,,
CZE,Czechia,0.088,31591.17707,,,
DEU,Germany,0.057,54343.22651,,,
DJI,Djibouti,0.481,3554.83919,,,
DNK,Denmark,0.003,68453.87693,,,
DOM,Dominican Republic,0.417,10717.62767,855.014,630.799,224.215
DZA,Algeria,0.443,5364.02795,,,
ECU,Ecuador,0.358,6609.80408,947.494,877.834,69.66
EGY,Egypt,0.398,3457.45692,144.775,125.232,19.543
ESP,Spain,0.043,33509.0128,,,
EST,Estonia,0.061,30133.30445,,,
ETH,Ethiopia,0.497,1272.01628,,,
FIN,Finland,0.021,52925.68976,,,
FJI,Fiji,0.35,5888.73669,,,
FRA,France,0.034,44690.93454,,,
GAB,Gabon,0.505,7802.8366,,,
GBR,United Kingdom,0.083,49463.85546,4451.169,3400.605,1050.564
GEO,Georgia,0.257,8283.6696,,,
GHA,Ghana,0.514,2260.28741,,,
GIN,Guinea,0.609,1541.04051,,,
GMB,Gambia,0.578,888.15741,,,
GNB,Guinea-Bissau,0.632,951.24275,,,
GRC,Greece,0.103,23400.72788,,,
GRD,Grenada,0.226,11246.34512,,,
GTM,Guatemala,0.48,5762.82175,753.242,669.307,83.935
GUY,Guyana,0.427,20765.35036,,,
HND,Honduras,0.437,3231.65724,787.741,652.009,135.732
HRV,Croatia,0.074,21865.45628,,,
HTI,Haiti,0.618,1705.77905,,,
HUN,Hungary,0.213,22141.86698,,,
IDN,Indonesia,0.423,4876.31433,368.962,247.138,121.824
IND,India,0.403,2480.79209,467.639,305.068,162.571
IRL,Ireland,0.054,103887.8004,,,
IRN,Iran (Islamic Republic of),0.482,4465.63767,,,
IRQ,Iraq,0.558,5565.12645,,,
ISL,Iceland,0.024,79636.95486,,,
ISR,Israel,0.08,52642.42675,,,
ITA,Italy,0.043,39003.3161,,,
JAM,Jamaica,0.358,6839.72504,,,
JOR,Jordan,0.433,4455.50541,758.336,650.749,107.587
JPN,Japan,0.059,33766.52683,,,
KAZ,Kazakhstan,0.182,12918.86613,,,
KEN,Kenya,0.526,1952.30458,,,
KGZ,Kyrgyzstan,0.34,1970.15781,,,
KHM,Cambodia,0.506,2429.74853,530.778,374.231,156.547
KIR,Kiribati,,2106.76,519.042,539.658,-20.616
KOR,Korea (Republic of),0.038,33121.37129,,,
KWT,Kuwait,0.188,33729.79855,,,
LAO,Lao People's Democratic Republic,0.475,2066.9498,,,
LBR,Liberia,0.646,771.88714,,,
LBY,Libya,0.253,6172.81247,,,
LCA,Saint Lucia,0.327,13554.66519,,,
LKA,Sri Lanka,0.367,3827.96496,,,
LSO,Lesotho,0.534,916.28298,,,
LTU,Lithuania,0.07,27786.00578,,,
LUX,Luxembourg,0.044,128678.1899,,,
LVA,Latvia,0.117,22502.84299,,,
MAR,Morocco,0.438,3771.44629,,,
MDA,Moldova (Republic of),0.146,6729.41287,,,
MDG,Madagascar,0.584,506.15937,,,
MDV,Maldives,0.309,12530.36024,,,
MEX,Mexico,0.358,13790.02434,891.962,730.83,161.132
MKD,North Macedonia,0.112,8624.29361,,,
MLI,Mali,0.612,869.27023,,,
MLT,Malta,0.111,40395.76921,,,
MMR,Myanmar,0.478,1233.19666,,,
MNE,Montenegro,0.121,12221.47755,,,
MNG,Mongolia,0.284,5838.63108,524.987,337.927,187.06
MOZ,Mozambique,0.479,622.98562,,,
MRT,Mauritania,0.603,2120.8232,,,
MUS,Mauritius,0.352,11613.04416,,,
MWI,Malawi,0.581,602.34362,,,
MYS,Malaysia,0.172,11379.0861,,,
NAM,Namibia,0.448,4168.28521,,,
NER,Niger,0.591,642.93792,,,
NGA,Nigeria,0.677,1596.63696,,,
NIC,Nicaragua,0.408,2612.87066,,,
NLD,Netherlands,0.013,64572.00596,,,
NOR,Norway,0.004,87925.09442,,,
NPL,Nepal,0.487,1377.62604,,,
NZL,New Zealand,0.082,48280.81142,,,
OMN,Oman,0.222,21549.83687,,,
PAK,Pakistan,0.536,1365.27743,,,
PAN,Panama,0.374,18686.4051,1787.054,1534.947,252.107
PER,Peru,0.34,7906.58503,892.742,716.576,176.166
PHL,Philippines,0.351,3804.87258,543.187,491.214,51.973
PNG,Papua New Guinea,0.584,2957.68262,,,
POL,Poland,0.081,22056.66617,,,
PRT,Portugal,0.076,27331.20949,1572.89,1411.562,161.328
PRY,Paraguay,0.412,6276.35114,,,
QAT,Qatar,0.195,80195.87465,,,
ROU,Romania,0.227,18404.27309,,,
RUS,Russian Federation,0.169,13817.0459,,,
RWA,Rwanda,0.394,1010.26893,264.898,222.757,42.141
SAU,Saudi Arabia,0.228,32093.9623,,,
SDN,Sudan,0.588,2183.44141,,,
SEN,Senegal,0.49,1706.44218,459.045,134.68,324.365
SGP,Singapore,0.031,84734.25592,,,
SLB,Solomon Islands,0.478,2041.63649,,,
SLE,Sierra Leone,0.566,757.85834,,,
SLV,El Salvador,0.362,5391.06926,611.32,722.605,-111.285
SOM,Somalia,0.675,597.45885,,,
SRB,Serbia,0.117,12281.50585,,,
STP,Sao Tome and Principe,0.492,2940.93353,,,
SUR,Suriname,0.391,5494.07409,,,
SVK,Slovakia,0.176,24491.37719,,,
SVN,Slovenia,0.042,32610.11092,,,
SWE,Sweden,0.007,55516.83648,,,
SWZ,Eswatini (Kingdom of),0.484,3610.6088,,,
TCD,Chad,0.67,680.63988,,,
TGO,Togo,0.564,985.69751,,,
THA,Thailand,0.288,7182.02526,861.622,792.255,69.367
TJK,Tajikistan,0.258,1160.81187,,,
TLS,Timor-Leste,0.394,1502.51964,,,
TON,Tonga,0.444,,795.609,644.843,150.766
TTO,Trinidad and Tobago,0.262,20016.1503,,,
TUN,Tunisia,0.238,3977.69517,,,
TUR,Turkiye,0.227,13105.65857,973.68,858.24,115.44
TZA,Tanzania (United Republic of),0.504,1224.48962,,,
UGA,Uganda,0.524,1002.30914,,,
URY,Uruguay,0.218,22797.81117,2126.666,1567.762,558.904
USA,United States,0.169,82769.41221,8088.176,5599.23,2488.946
UZB,Uzbekistan,0.291,2849.51461,,,
VNM,Viet Nam,0.299,4282.08852,497.544,362.15,135.394
VUT,Vanuatu,0.556,3515.23634,,,
WSM,Samoa,0.416,4330.17841,,,
YEM,Yemen,0.838,477.40903,,,
ZAF,South Africa,0.388,6022.54254,,,
ZMB,Zambia,0.524,1330.72781,364.488,309.278,55.21
ZWE,Zimbabwe,0.519,2156.034,183.724,185.39,-1.666
